FileName,MS,TDR,ebike,equity,carMiles,carMilesR,carMiles.pers,carMilesR.pers,carMilesCycled,milesCycled.pers,milesCycled.male,milesCycled.female,milesCycled.white,milesCycled.nonwhite,milesCycled.caraccess,milesCycled.noncaraccess,METh,METhincr,MMETh,MMETh.pers,MMEThincr,CO2.Tm,CO2R.perc,CO2.pers,TripDisIncSW,TripTotalTime1,timeSaved.Total.h,timeSavedCyclists.perc,nocarTrips.people.perc,nocar.males.perc,nocar.females.perc,nocar.white.perc,nocar.nonwhite.perc,nocar.caraccess,nocar.noncaraccess,nopeople,nocyclists,newcyclists,cyclist.potential,cyclists.perc,cyclists.incr,cyclist.male.perc,cyclist.female.perc,cyclist.white.perc,cyclist.nonwhite.perc,cyclist.caraccess.perc,cyclist.noncaraccess.perc,cyclist.nssec1.perc,cyclist.nssec2.perc,cyclist.nssec3.perc,cyclist.nssec4.perc,cyclist.nssec5.perc,trips.bike.perc,trips.nssec1.perc,trips.nssec2.perc,trips.nssec3.perc,trips.nssec4.perc,trips.nssec5.perc,trips.age20.39.perc,trips.age40.59.perc,trips.age60plus.perc,nopeopleWithTrips,People.with.NoTrips,YLL.Reduction.20.39.Males,YLL.Reduction.40.59.Males,YLL.Reduction.60p.Males,YLL.Reduction.20.39.Females,YLL.Reduction.40.59.Females,YLL.Reduction.60p.Females,YLL.Reduction.20.39.All,YLL.Reduction.40.59.All,YLL.Reduction.60p.All,YLL.20.39.Males,YLL.40.59.Males,YLL.60p.Males,YLL.20.39.Females,YLL.40.59.Females,YLL.60p.Females,YLL.20.39.All,YLL.40.59.All,YLL.60p.All
baseline.csv,0,1,0,0,1643074.63,0,109.1,0,0,1.02,1.7,0.39,1.07,0.5,1.01,1.05,91729.9,0,72582.7,5,0,396.8,0,0.026335701,2047965,6315331,0,NaN,13.6,14.6,12.7,11.9,29,5.8,47.3,14502,713,0,0,4.7,0,6.9,2.8,4.9,3,4.6,5.1,5.7,3.6,4.4,3.7,5.9,1.8,1.8,1.3,2.1,1.7,2.9,2.4,1.9,1,14502,565,0,0,0,0,0,0,0,0,0,0,0,0,0,0,0,0,0,0
IIyear.MS1_TDR0.7_ebik0_eq0.csv,1,0.7,0,0,1142616.47,500458.16,75.8,33.2,7535.8,1.31,2.17,0.53,1.35,0.92,1.37,1.04,91171.5,-558.4,72227.4,5,-355.3,275.94,30.5,0.018314197,1433575,4463294.2,30867.3,88.8,13.6,14.7,12.7,12,29.2,5.8,47.5,14502,1348,665,719,8.9,89.1,12.8,5.5,9.1,7,9,8.9,9.8,7.7,8.5,8,11.7,3.1,3,2.5,3.4,3.1,4.6,4,3.4,1.7,14502,565,0.31,0.62,0.82,0.06,0.35,0.29,0.37,0.97,1.1,782.65,4593.6,3243.03,46.54,648.05,1118.35,829.19,5241.65,4361.38
IIyear.MS1_TDR0.7_ebik0_eq1.csv,1,0.7,0,1,1142747.27,500327.36,75.8,33.2,7405,1.29,1.75,0.87,1.34,0.79,1.35,1.05,91415.6,-314.3,72426.8,5,-155.9,275.97,30.5,0.018316188,1433575,4464079.1,30854.2,90,13.7,14.6,12.8,12,29.2,5.8,47.4,14502,1340,649,701,8.9,87.9,10.8,7.1,9.2,6.1,8.8,9.3,9.6,8.5,8.5,6.8,10.5,3.1,2.9,2.7,3.4,2.7,4.4,3.7,3.1,2.3,14502,565,-0.05,0.13,1.16,0.29,0.63,2.23,0.24,0.76,3.39,-128.89,431.27,4550.21,190.49,1172.86,8050.67,61.6,1604.13,12600.88
IIyear.MS1_TDR0.7_ebik1_eq0.csv,1,0.7,1,0,1139421.46,503653.17,75.6,33.4,10730.8,1.56,2.42,0.78,1.61,1.05,1.67,1.1,90384,-1345.9,71308.3,4.9,-1274.4,275.17,30.7,0.018263092,1433575,4461703.6,30893.8,81.4,13.7,14.7,12.8,12.1,29.1,5.8,47.6,14502,1368,686,719,9.1,91.9,12.9,5.6,9.3,7.2,9.1,8.9,9.9,7.7,8.7,7.6,12.3,3.6,3.4,2.8,3.9,3.7,5.4,4.6,3.8,2.1,14502,565,0.14,0.44,0.55,0.08,0.35,0.35,0.22,0.79,0.9,326.55,3089.67,2149.2,59.38,647.52,1297.93,385.93,3737.19,3447.13
IIyear.MS1_TDR0.7_ebik1_eq1.csv,1,0.7,1,1,1140089.12,502985.51,75.7,33.4,10063.1,1.5,2,1.05,1.56,0.87,1.59,1.14,90363.7,-1366.2,71294.2,4.9,-1288.5,275.33,30.6,0.018273711,1433575,4460718.9,30910.2,80.8,13.7,14.7,12.7,12,29.2,5.8,47.5,14502,1354,663,701,9,89.9,11,7.1,9.2,6.4,8.9,9.3,9.6,8.6,8.6,6.8,10.8,3.5,3.3,3.1,3.8,3.1,4.8,4.1,3.6,2.7,14502,565,-0.06,0.07,0.71,0.16,0.55,1.62,0.1,0.62,2.33,-169.35,10.53,2839.24,98.36,1026.59,6122.93,-70.99,1037.12,8962.17
IIyear.MS1_TDR0.8_ebik0_eq0.csv,1,0.8,0,0,1306278.98,336795.65,86.7,22.4,8180.7,1.47,2.39,0.63,1.52,0.94,1.54,1.16,92893.5,1163.6,73669,5.1,1086.3,315.47,20.5,0.020937811,1638372,5081316.2,20566.9,93.1,13.6,14.7,12.7,12,29,5.8,47.4,14502,1342,659,719,8.9,88.2,12.7,5.4,9.1,6.9,9,8.7,9.7,7.7,8.5,7.5,12.1,3.2,3.1,2.4,3.5,3.1,4.8,4.1,3.4,1.8,14502,565,0.36,0.8,1.07,0.19,0.44,0.42,0.55,1.24,1.49,879.72,5930.95,4327.54,125.04,811,1524.56,1004.75,6741.95,5852.1
IIyear.MS1_TDR0.8_ebik0_eq1.csv,1,0.8,0,1,1306171.24,336903.39,86.7,22.4,8288.5,1.45,1.97,0.98,1.51,0.83,1.52,1.15,93273.3,1543.4,73976.5,5.1,1393.8,315.44,20.5,0.02093582,1638372,5085675.6,20494.3,101.5,13.6,14.6,12.7,11.9,29,5.8,47.3,14502,1339,647,701,8.9,87.8,11,7,9.2,6.1,8.8,9.1,9.5,8.4,8.6,6.5,10.7,3.1,2.9,2.8,3.4,2.6,4.1,3.6,3.2,2.3,14502,565,0.08,0.24,1.37,0.38,0.83,2.35,0.45,1.08,3.72,202.55,1602.06,5564.83,243.94,1544.68,8463.82,446.49,3146.74,14028.65
IIyear.MS1_TDR0.8_ebik1_eq0.csv,1,0.8,1,0,1302998.41,340076.22,86.5,22.6,11461.3,1.72,2.66,0.87,1.79,1.11,1.82,1.32,92062.7,332.8,72678.6,5,95.9,314.67,20.7,0.020884715,1638372,5080565.2,20579.4,89,13.7,14.8,12.7,12,29.2,5.9,47.5,14502,1360,679,719,9,90.7,12.9,5.5,9.2,7,9,9,9.8,7.8,8.6,7.9,12,3.5,3.4,2.9,3.8,3.7,5.3,4.5,3.7,2.1,14502,565,0.23,0.54,1,0.18,0.46,0.38,0.41,1,1.38,577.69,4154.32,3995.22,126.17,849.12,1400.53,703.86,5003.44,5395.75
IIyear.MS1_TDR0.8_ebik1_eq1.csv,1,0.8,1,1,1303654.34,339420.29,86.5,22.5,10805.4,1.68,2.23,1.18,1.75,0.95,1.76,1.34,92011.9,282,72648,5,65.3,314.83,20.7,0.020895334,1638372,5079130.6,20603.3,87.4,13.7,14.7,12.8,12,29,5.8,47.5,14502,1354,663,701,9,89.9,11,7.1,9.2,6.5,8.9,9.5,9.6,8.4,8.7,6.8,10.7,3.5,3.3,3.2,3.8,3.2,4.8,4.1,3.5,2.7,14502,565,0.08,0.19,1.03,0.31,0.65,1.61,0.39,0.84,2.64,203.64,1321.68,4092.31,200.55,1199.82,5619.07,404.19,2521.5,9711.37
IIyear.MS1_TDR0.9_ebik0_eq0.csv,1,0.9,0,0,1470206.01,172868.62,97.6,11.5,8561.2,1.6,2.62,0.67,1.65,1.04,1.67,1.3,94475,2745.1,74979.9,5.2,2397.2,355.05,10.5,0.023564744,1843168,5702719.6,10210.2,104.9,13.6,14.7,12.7,12,29,5.8,47.4,14502,1325,643,719,8.8,85.8,12.6,5.3,9,6.7,8.8,8.6,9.7,7.5,8.3,7.6,11.7,3.1,3,2.4,3.4,3,4.7,4,3.4,1.7,14502,565,0.58,0.95,1.06,0.26,0.45,0.33,0.84,1.4,1.38,1440.12,7340.88,4369.02,172.71,829.62,1184.82,1612.83,8170.5,5553.84
IIyear.MS1_TDR0.9_ebik0_eq1.csv,1,0.9,0,1,1470667.37,172407.26,97.6,11.4,8099.8,1.55,2.16,1,1.61,0.88,1.61,1.28,94348.7,2618.8,74875,5.2,2292.3,355.17,10.5,0.023572709,1843168,5703738.3,10193.2,107.3,13.6,14.6,12.7,12,29,5.8,47.4,14502,1317,624,701,8.7,84.7,10.8,6.9,9,6.1,8.7,8.8,9.5,8.2,8.4,6.1,10.5,3,2.8,2.7,3.3,2.5,4.2,3.6,3.1,2.3,14502,565,0.16,0.37,1.36,0.37,0.75,2.55,0.54,1.12,3.91,410.91,2458.24,5568.87,242.25,1387.95,9560.69,653.17,3846.19,15129.56
IIyear.MS1_TDR0.9_ebik1_eq0.csv,1,0.9,1,0,1467335.69,175738.94,97.4,11.7,11431.5,1.85,2.84,0.95,1.9,1.27,1.96,1.38,93339.4,1609.5,73737.5,5.1,1154.8,354.36,10.7,0.023518949,1843168,5698917.8,10273.6,96,13.7,14.8,12.7,12,29.2,5.8,47.6,14502,1370,688,719,9.1,92.1,13,5.5,9.3,7.1,9.1,9.1,9.9,7.8,8.7,7.9,12.3,3.4,3.3,2.7,3.8,3.6,5.1,4.5,3.7,2,14502,565,0.38,0.68,1.05,0.23,0.51,0.49,0.62,1.19,1.53,962.23,4991,4329.37,152.94,939.91,1597.12,1115.17,5930.9,5926.49
IIyear.MS1_TDR0.9_ebik1_eq1.csv,1,0.9,1,1,1467985.52,175089.11,97.4,11.6,10781.6,1.77,2.36,1.23,1.85,0.98,1.85,1.4,93183.7,1453.8,73625.9,5.1,1043.2,354.52,10.7,0.023529568,1843168,5697782.4,10292.5,94.8,13.7,14.7,12.7,12,29.1,5.8,47.4,14502,1350,659,701,9,89.3,11,7.1,9.2,6.4,8.9,9.3,9.6,8.4,8.6,6.9,10.6,3.4,3.2,3.1,3.7,3,4.8,4,3.5,2.6,14502,565,0.1,0.33,1.11,0.32,0.69,1.9,0.41,1.02,3.02,254.03,2427.56,4637.91,208.88,1277.83,6721.49,462.91,3705.39,11359.41
IIyear.MS1_TDR1_ebik0_eq0.csv,1,1,0,0,1634322.55,8752.08,108.5,0.6,8752.1,1.72,2.83,0.71,1.78,1.1,1.79,1.4,95711,3981.1,76018.3,5.2,3435.6,394.69,0.5,0.026195659,2047965,6320333,-83.4,108.9,13.6,14.7,12.7,12,29.1,5.8,47.4,14502,1332,650,719,8.8,86.8,12.7,5.4,9,7.1,8.9,8.6,9.7,7.6,8.4,7.3,11.8,3.1,3,2.4,3.4,3.2,4.6,4.1,3.3,1.7,14502,565,0.65,1.05,1.21,0.3,0.51,0.33,0.95,1.56,1.54,1599.2,7982.21,5059.4,203.07,942.56,1132.63,1802.27,8924.77,6192.03
IIyear.MS1_TDR1_ebik0_eq1.csv,1,1,0,1,1634318.46,8756.17,108.5,0.6,8756.2,1.72,2.38,1.11,1.79,1.02,1.78,1.44,96118.6,4388.7,76359.2,5.3,3776.5,394.69,0.5,0.026195659,2047965,6323269,-132.3,114,13.6,14.6,12.7,12,29.2,5.8,47.3,14502,1337,646,701,8.9,87.5,10.9,7.1,9.1,6.3,8.8,9.2,9.6,8.4,8.5,6.7,10.8,3.1,2.9,2.8,3.3,2.8,4.2,3.7,3.2,2.3,14502,565,0.27,0.42,1.84,0.5,0.94,2.46,0.77,1.36,4.3,679.7,2840.3,7579.91,316.68,1741.5,8744.26,996.37,4581.8,16324.16
IIyear.MS1_TDR1_ebik1_eq0.csv,1,1,1,0,1630917.83,12156.8,108.2,0.8,12156.8,2.01,3.11,1.01,2.08,1.26,2.11,1.55,94820.3,3090.4,74955.9,5.2,2373.2,393.87,0.7,0.026141236,2047965,6317050,-28.6,102.2,13.7,14.7,12.7,12,29.2,5.8,47.6,14502,1362,680,719,9,91,12.9,5.5,9.2,7.1,9.1,8.9,9.9,7.7,8.6,8,12.1,3.4,3.3,2.8,3.8,3.6,4.9,4.5,3.6,2,14502,565,0.45,0.83,1.36,0.37,0.52,0.5,0.82,1.35,1.86,1150.16,6297.34,5567.71,235.03,960.82,1598.96,1385.19,7258.16,7166.68
IIyear.MS1_TDR1_ebik1_eq1.csv,1,1,1,1,1631844.12,11230.51,108.3,0.7,11230.5,1.91,2.57,1.31,1.98,1.21,1.99,1.58,94421.4,2691.5,74642.6,5.1,2059.9,394.09,0.7,0.026155837,2047965,6315680,-5.8,100.5,13.6,14.6,12.7,12,29.2,5.8,47.5,14502,1345,654,701,8.9,88.6,10.9,7.1,9.2,6.3,8.8,9.4,9.6,8.4,8.6,6.7,10.7,3.3,3.2,3.1,3.6,2.9,4.4,3.9,3.4,2.7,14502,565,0.21,0.35,1.38,0.36,0.76,2.18,0.57,1.11,3.56,518.38,2550.33,5623.69,231.38,1404.61,7935.56,749.76,3954.94,13559.26
IIyear.MS16_TDR0.7_ebik0_eq0.csv,16,0.7,0,0,1084477.5,558597.13,72,37.1,65674.7,5.93,8.98,3.16,6.03,4.99,6.57,3.17,120208,28478.1,97644.9,6.7,25062.2,261.9,34,0.017382359,1433575,4552281.2,29384.2,89.5,14,15.2,13,12.4,29.5,6,48.5,14502,6032,5637,6172,40,746,51.4,29.7,40,39.8,41.2,35.2,41.8,37.6,39.4,34.9,46.3,12.9,12.5,11.4,13.8,13.3,16.1,14.6,14.4,9,14502,565,4.89,7.76,13.38,3.36,4.56,4.87,8.25,12.32,18.25,12141.44,63718.48,54325.86,2069.35,8340.64,16212.1,14210.79,72059.12,70537.96
IIyear.MS16_TDR0.7_ebik0_eq1.csv,16,0.7,0,1,1080568.69,562505.94,71.7,37.3,69583.6,6.15,6.7,5.66,6.31,4.63,6.8,3.36,123938.5,32208.6,100826,7,28243.3,260.96,34.2,0.017319971,1433575,4576348.6,28983,93.2,14.2,15.1,13.3,12.5,29.8,6.1,48.9,14502,6415,5979,6489,42.6,799.7,43.4,41.8,42.8,40.7,43.3,39.5,42.8,42.7,42.7,36.5,45,13.5,12.6,13.5,14.5,13.7,14.8,14.1,13.4,13,14502,565,2.94,4.81,15.66,5.21,6.8,17.19,8.16,11.61,32.85,7328.84,39516.33,63575.93,3241.67,12462.18,56696.43,10570.51,51978.5,120272.37
IIyear.MS16_TDR0.7_ebik1_eq0.csv,16,0.7,1,0,1061498.02,581576.61,70.5,38.6,88654.2,7.84,10.48,5.44,7.96,6.67,8.72,4.04,112366,20636.1,88862.7,6.1,16280,256.35,35.4,0.017014004,1433575,4523527,29863.4,80,14.4,15.6,13.3,12.7,30.3,6.2,49.7,14502,6265,5887,6172,41.6,778.7,52.5,31.6,41.5,42,42.6,37.2,43.6,38.6,41,36.9,48.2,16.7,16,15.4,17.8,17.7,19.8,18.6,18.3,12.3,14502,565,3.6,6.03,11.38,3.56,4.64,5.35,7.15,10.66,16.73,8898.64,49900.24,46110.43,2186.4,8495.59,18345.24,11085.04,58395.84,64455.67
IIyear.MS16_TDR0.7_ebik1_eq1.csv,16,0.7,1,1,1059185.06,583889.57,70.3,38.8,90967.2,7.94,8.67,7.29,8.12,6.2,8.79,4.29,112798.6,21068.7,89231.5,6.2,16648.8,255.79,35.5,0.016976837,1433575,4523042,29871.5,79.7,14.4,15.2,13.6,12.7,30,6.1,49.8,14502,6618,6193,6489,43.9,828.2,44.8,43.1,44.1,41.9,44.5,41.6,43.8,44.3,44.1,39.7,45.8,17.4,16.1,17.6,18.6,18.1,18.5,17.9,17.2,17.1,14502,565,2.56,4.29,12.13,4.06,5.73,13.11,6.62,10.02,25.24,6310.36,35051.55,49118.63,2528.23,10509.29,43337.53,8838.59,45560.84,92456.16
IIyear.MS16_TDR0.8_ebik0_eq0.csv,16,0.8,0,0,1245342.72,397731.91,82.7,26.4,69117,6.29,9.52,3.35,6.38,5.42,6.95,3.42,126092.2,34362.3,102462.2,7.1,29879.5,300.75,24.2,0.019960842,1638372,5155435.6,19331.6,96.5,14.1,15.2,13,12.4,29.8,6,48.6,14502,6005,5612,6172,39.9,742.2,51,29.8,39.9,39.4,41.2,34.2,42.2,37.1,39.3,33.6,44.8,12.8,12.4,11.6,13.8,13.2,15.5,14.6,14.4,8.7,14502,565,5.12,8.66,13.9,3.73,4.86,5.35,8.85,13.52,19.26,12641.62,71083.67,56447.32,2316.47,8913.15,17903.81,14958.09,79996.82,74351.13
IIyear.MS16_TDR0.8_ebik0_eq1.csv,16,0.8,0,1,1241045.19,402029.44,82.4,26.7,73414.5,6.61,7.14,6.13,6.77,5.06,7.26,3.8,131194.9,39465,106788,7.4,34205.3,299.71,24.5,0.019891817,1638372,5184400.8,18848.8,101.2,14.2,15,13.4,12.5,30,6.1,48.9,14502,6415,5975,6489,42.6,799.7,43.3,41.9,42.7,41.1,43.3,39.6,42.7,42.9,42.8,36.8,43.8,13.6,12.6,13.5,14.7,14.4,14.8,14.1,13.6,13.1,14502,565,3.05,5.37,17.4,6,7.44,19.33,9.06,12.81,36.73,7459.13,44066.46,70273.25,3748.9,13648.7,64495.89,11208.03,57715.16,134769.14
IIyear.MS16_TDR0.8_ebik1_eq0.csv,16,0.8,1,0,1218788.43,424286.2,80.9,28.2,95671.3,8.49,11.38,5.86,8.64,7.04,9.42,4.47,118919.4,27189.5,94054.5,6.5,21471.8,294.34,25.8,0.019535409,1638372,5138151.2,19619.7,89.6,14.2,15.4,13.1,12.5,30.2,6.2,48.8,14502,6243,5866,6172,41.4,775.6,52.6,31.3,41.4,41.4,42.5,36.8,43.3,38.6,41,36.4,47.1,16.3,15.6,14.9,17.5,17.8,19.2,18.3,17.8,12,14502,565,3.94,6.53,12.57,4.05,4.99,5.95,7.99,11.52,18.52,9762.09,53558.69,51148.64,2528.14,9131.09,20714.38,12290.23,62689.77,71863.02
IIyear.MS16_TDR0.8_ebik1_eq1.csv,16,0.8,1,1,1219388.36,423686.27,80.9,28.1,95071.3,8.48,9.39,7.65,8.64,6.88,9.32,4.81,118499.7,26769.8,93770.8,6.5,21188.1,294.48,25.8,0.0195447,1638372,5123472,19864.3,87.2,14.2,15,13.4,12.4,30.3,6,49.2,14502,6579,6151,6489,43.7,822.7,44.7,42.7,43.8,42.2,44.3,41.1,43.9,43.7,43.8,38.3,46,16.9,15.8,16.9,18.1,17.9,18.1,17.5,16.8,16.5,14502,565,2.79,4.75,13.47,4.64,5.99,13.28,7.43,10.74,26.75,6890.39,39052.74,54866.58,2901.31,10980.2,44410.51,9791.71,50032.95,99277.09
IIyear.MS16_TDR0.9_ebik0_eq0.csv,16,0.9,0,0,1407222.09,235852.54,93.4,15.7,71545.1,6.59,10.04,3.45,6.69,5.59,7.25,3.71,131903.8,40173.9,107186.4,7.4,34603.7,339.84,14.4,0.022555253,1843168,5770899.5,9073.9,106.3,14.1,15.2,13,12.3,30,6.1,48.4,14502,5998,5601,6172,39.8,741.2,51.2,29.4,39.8,40,41.1,34.2,42,37.1,39.2,34,45,12.4,11.8,11.1,13.4,13.2,15.2,14.1,13.8,8.4,14502,565,5.78,8.81,14.88,4.14,5.18,4.95,9.92,13.99,19.83,14249.76,72748.1,60336.32,2581.64,9489.96,15491.26,16831.4,82238.05,75827.58
IIyear.MS16_TDR0.9_ebik0_eq1.csv,16,0.9,0,1,1403143.91,239930.72,93.1,15.9,75623.3,6.9,7.43,6.43,7.07,5.29,7.58,4,136793,45063.1,111350.4,7.7,38767.7,338.86,14.6,0.02249021,1843168,5796712.7,8643.6,110.6,14,15,13.2,12.4,29.6,6,48.7,14502,6357,5916,6489,42.2,791.6,43,41.5,42.4,40,43,38.8,42.4,42.5,42.3,37,43.4,13.1,12.1,13.1,14.1,13.9,14.4,13.7,13,12.5,14502,565,3.28,5.66,17.63,6.39,7.77,19.58,9.67,13.43,37.22,8108.96,46362.94,71765.47,3997.36,14246.96,65649.95,12106.33,60609.9,137415.42
IIyear.MS16_TDR0.9_ebik1_eq0.csv,16,0.9,1,0,1380845.79,262228.84,91.6,17.4,97921.4,8.81,11.61,6.26,8.95,7.39,9.76,4.68,123357.3,31627.4,97555.6,6.7,24972.9,333.47,16,0.022132475,1843168,5745899.6,9490.5,98.1,14.2,15.3,13.1,12.5,30,6.1,48.8,14502,6216,5836,6172,41.3,771.8,52.2,31.3,41.2,41.3,42.4,36.5,43.4,38.3,40.6,36.1,46.9,15.6,15,14.4,16.7,16.9,17.9,17.5,17.2,11.4,14502,565,4.37,6.84,12.86,4.24,5.39,6.52,8.6,12.22,19.37,10867.16,56192.79,52333.98,2641.5,9872.58,21701.4,13508.66,66065.37,74035.38
IIyear.MS16_TDR0.9_ebik1_eq1.csv,16,0.9,1,1,1379212.43,263862.2,91.5,17.5,99554.7,8.93,9.83,8.1,9.13,6.87,9.81,5.13,123941.8,32211.9,98041.7,6.8,25459,333.08,16.1,0.022106591,1843168,5736977.8,9639.2,96.4,14.3,15.3,13.4,12.6,30.1,6.1,49.5,14502,6582,6153,6489,43.7,823.1,44.6,42.9,43.9,41.8,44.2,41.6,43.6,43.8,44.1,39,45.4,16.2,15.2,16.1,17.4,16.7,17.5,16.7,16.1,15.8,14502,565,3.07,5.1,14.05,5.03,6.36,14.82,8.1,11.46,28.87,7570.47,41811.21,57035.89,3133.02,11673.64,48789.18,10703.49,53484.86,105825.08
IIyear.MS16_TDR1_ebik0_eq0.csv,16,1,0,0,1569323.39,73751.24,104.2,4.9,73751.2,6.95,10.65,3.58,7.04,6.03,7.63,4,136583.7,44853.8,111065.1,7.7,38482.4,378.99,4.5,0.025153647,2047965,6366150,-847,110.8,14,15.2,12.9,12.3,29.6,6,48.3,14502,5998,5618,6172,39.8,741.2,51,29.7,39.8,40.2,40.9,35.1,42,37.6,38.9,34.6,44.6,12.6,12,11.3,13.6,14.2,15.4,14.4,14.1,8.5,14502,565,5.84,9.43,16.02,4.33,5.38,5.89,10.16,14.81,21.91,14375,78212.62,65006.04,2663.62,9866.71,20240.27,17038.62,88079.32,85246.32
IIyear.MS16_TDR1_ebik0_eq1.csv,16,1,0,1,1564398.62,78676.01,103.8,5.2,78676,7.32,7.78,6.91,7.49,5.71,7.98,4.49,142389.7,50659.8,115990.3,8,43407.6,377.8,4.8,0.025074666,2047965,6396750,-1357,116.3,14,15,13.1,12.4,29.6,6,48.6,14502,6344,5900,6489,42.1,789.8,42.8,41.5,42.4,39.3,42.8,39.2,42.3,42.7,42.1,36.8,43.3,13.4,12.2,13.6,14.4,14.4,14.5,13.9,13.2,12.9,14502,565,3.57,5.86,18.14,6.8,8.34,20.79,10.37,14.2,38.94,8755.98,47973.96,73698.35,4223.81,15289.54,68337.26,12979.8,63263.5,142035.61
IIyear.MS16_TDR1_ebik1_eq0.csv,16,1,1,0,1538933.34,104141.29,102.1,6.9,104141.3,9.42,12.55,6.57,9.56,8.02,10.44,4.96,129249.3,37519.4,102230.4,7,29647.7,371.65,6.3,0.02466649,2047965,6355554,-670.4,106.4,14.1,15.3,13.1,12.5,29.8,6.1,48.8,14502,6181,5795,6172,41,766.9,51.7,31.3,41.1,40.5,42,36.7,43.1,38.1,40.7,35.3,45.9,15.4,14.8,14.3,16.4,16.8,17.4,17.4,16.9,11.1,14502,565,4.6,7.31,13.68,4.76,5.54,6.32,9.36,12.85,19.99,11463.9,60511.47,55808.25,2948.19,10149.35,20678.2,14412.09,70660.81,76486.45
IIyear.MS16_TDR1_ebik1_eq1.csv,16,1,1,1,1537176.83,105897.8,102,7,105897.8,9.53,10.48,8.66,9.74,7.47,10.46,5.46,129536.6,37806.7,102494.7,7.1,29912,371.23,6.4,0.024638614,2047965,6339982,-410.9,103.8,14.2,15.1,13.4,12.5,29.9,6.1,49.2,14502,6547,6113,6489,43.5,818.2,44.2,42.7,43.6,41.7,43.9,41.4,43.3,43.9,43.7,38.7,45.4,16,14.6,16.2,17.1,18,17.6,16.5,15.9,15.5,14502,565,3.34,5.5,15.24,5.31,6.94,15.39,8.65,12.44,30.63,8199.65,45523.71,61848.33,3294.51,12730.42,50676.24,11494.16,58254.14,112524.57
IIyear.MS2_TDR0.7_ebik0_eq0.csv,2,0.7,0,0,1136017.8,507056.83,75.4,33.7,14134.4,1.83,2.98,0.79,1.89,1.25,1.97,1.21,94424.9,2695,75075.2,5.2,2492.5,274.35,30.9,0.018208668,1433575,4472037.9,30721.6,87.8,13.7,14.7,12.7,12,29.1,5.8,47.4,14502,1868,1205,1311,12.4,162,17.6,7.7,12.6,10.5,12.6,11.5,13.5,10.7,12,11.5,15.2,4.2,4.1,3.4,4.6,4.7,5.7,5.3,4.6,2.5,14502,565,0.84,1.54,2.15,0.28,0.72,0.85,1.12,2.26,3,2062.68,12095.94,8558.14,185.86,1328.21,2911.29,2248.54,13424.15,11469.43
IIyear.MS2_TDR0.7_ebik0_eq1.csv,2,0.7,0,1,1136494.75,506579.88,75.4,33.6,13657.5,1.8,2.29,1.34,1.86,1.16,1.91,1.32,94779,3049.1,75364.6,5.2,2781.9,274.46,30.8,0.018215969,1433575,4475296.7,30667.2,91.1,13.7,14.7,12.8,12,29.2,5.8,47.6,14502,1875,1206,1297,12.4,163,14.4,10.6,12.8,9.3,12.5,12.3,13.1,11.4,12.3,11.3,14.2,4.2,3.9,3.8,4.6,4.3,5.4,4.9,4.2,3.5,14502,565,0.23,0.54,2.97,0.83,1.25,3.36,1.06,1.8,6.32,556.6,4030.59,11910.22,512.48,2302.17,12437.08,1069.08,6332.76,24347.29
IIyear.MS2_TDR0.7_ebik1_eq0.csv,2,0.7,1,0,1131369.22,511705.41,75.1,34,18783,2.19,3.31,1.18,2.25,1.52,2.37,1.42,92538.9,809,73040.4,5,457.7,273.23,31.1,0.018134333,1433575,4465796.6,30825.6,79,13.7,14.7,12.7,12,29.2,5.8,47.5,14502,1905,1245,1311,12.6,167.2,17.9,7.9,12.8,10.8,12.8,12.1,13.7,11,12.3,11.3,15.7,5,4.8,4.2,5.4,6.2,6.8,6.2,5.6,3,14502,565,0.54,1.11,1.66,0.29,0.73,0.77,0.83,1.84,2.43,1327.29,8524.45,6527.54,192.02,1346.3,2717.89,1519.31,9870.75,9245.43
IIyear.MS2_TDR0.7_ebik1_eq1.csv,2,0.7,1,1,1132436.6,510638.03,75.2,33.9,17715.6,2.13,2.71,1.61,2.2,1.47,2.29,1.48,92486,756.1,73006.5,5,423.8,273.48,31.1,0.018150926,1433575,4464253.2,30851.3,78.2,13.7,14.7,12.8,12.1,29.1,5.8,47.9,14502,1901,1234,1297,12.6,166.6,14.6,10.8,12.9,10,12.6,12.7,13.1,11.8,12.5,11.2,14.5,4.9,4.6,4.5,5.3,5.2,6.4,5.7,4.8,4.2,14502,565,0.14,0.47,2.25,0.59,0.96,2.51,0.74,1.43,4.76,349.53,3508.5,8940.61,368.66,1759.96,9425.82,718.19,5268.46,18366.43
IIyear.MS2_TDR0.8_ebik0_eq0.csv,2,0.8,0,0,1299168.18,343906.45,86.2,22.8,15291.5,2.03,3.3,0.88,2.08,1.51,2.16,1.46,96832,5102.1,77074.5,5.3,4491.8,313.75,20.9,0.020823654,1638372,5091135.8,20403.3,96.3,13.7,14.7,12.7,12,29.1,5.8,47.4,14502,1860,1199,1311,12.3,160.9,17.5,7.7,12.5,10.8,12.5,11.7,13.5,10.6,11.9,10.9,15.4,4.2,4.1,3.5,4.7,4.4,5.9,5.4,4.7,2.4,14502,565,1.07,1.72,2.44,0.51,0.83,0.85,1.58,2.54,3.29,2642.26,13269.91,9768.32,331.11,1524.85,3058.26,2973.37,14794.76,12826.58
IIyear.MS2_TDR0.8_ebik0_eq1.csv,2,0.8,0,1,1299552.5,343522.13,86.3,22.8,14907.2,1.99,2.55,1.48,2.06,1.26,2.12,1.44,97282.8,5552.9,77442.8,5.3,4860.1,313.84,20.9,0.020829628,1638372,5096384.4,20315.8,101.8,13.7,14.7,12.8,12,29.2,5.8,47.6,14502,1869,1202,1297,12.4,162.1,14.4,10.6,12.7,9.7,12.5,12.1,13,11.5,12.2,11.3,14.2,4.2,3.9,3.8,4.6,4.4,5.4,5,4.1,3.4,14502,565,0.33,0.72,3.28,1.06,1.35,3.9,1.38,2.07,7.18,799.72,5512.45,13292.91,663.71,2479.48,14342.27,1463.43,7991.93,27635.19
IIyear.MS2_TDR0.8_ebik1_eq0.csv,2,0.8,1,0,1293976.27,349098.36,85.9,23.2,20483.4,2.45,3.69,1.32,2.51,1.76,2.64,1.62,94869.3,3139.4,74921.8,5.2,2339.1,312.5,21.2,0.020740692,1638372,5085406.8,20498.7,88.3,13.7,14.8,12.7,12,29.4,5.9,47.5,14502,1896,1236,1311,12.6,165.9,17.8,7.9,12.7,10.9,12.7,12,13.6,10.9,12.2,11.5,15.7,4.9,4.8,4.1,5.3,6,6.8,6.3,5.4,2.9,14502,565,0.77,1.34,1.83,0.47,0.86,0.87,1.24,2.2,2.7,1905.81,10625.6,7368.67,302.18,1584.25,3014.88,2207.99,12209.84,10383.56
IIyear.MS2_TDR0.8_ebik1_eq1.csv,2,0.8,1,1,1294789.78,348284.85,85.9,23.1,19669.9,2.39,2.98,1.85,2.47,1.55,2.54,1.72,94859.5,3129.6,74918.7,5.2,2336,312.69,21.2,0.020753302,1638372,5084644.4,20511.4,88,13.8,14.7,12.9,12.1,29.3,5.9,47.8,14502,1911,1244,1297,12.7,168,14.6,10.9,12.9,10.1,12.7,12.6,13.2,11.7,12.5,11.6,14.9,4.9,4.5,4.4,5.3,5.4,6.3,5.7,4.8,4.1,14502,565,0.3,0.58,2.68,0.75,1.21,2.77,1.05,1.79,5.44,729.12,4348.38,10750.74,469.87,2214.05,9931.34,1198.99,6562.43,20682.08
IIyear.MS2_TDR0.9_ebik0_eq0.csv,2,0.9,0,0,1462927.55,180147.08,97.1,12,15839.6,2.17,3.54,0.93,2.22,1.68,2.3,1.61,98702.1,6972.2,78619.2,5.4,6036.5,353.3,11,0.023448596,1843168,5709788,10092.4,104.9,13.7,14.8,12.7,12,29.2,5.8,47.4,14502,1851,1193,1311,12.3,159.6,17.4,7.7,12.4,10.6,12.4,11.7,13.3,10.8,11.8,10.9,15.5,4.1,4,3.4,4.5,4.8,5.7,5.2,4.6,2.3,14502,565,1.23,1.99,2.38,0.58,0.84,0.94,1.81,2.83,3.32,3045.03,15555.85,9477.01,382.47,1537.98,3358.62,3427.5,17093.83,12835.64
IIyear.MS2_TDR0.9_ebik0_eq1.csv,2,0.9,0,1,1463234.85,179839.78,97.1,11.9,15532.3,2.15,2.79,1.57,2.22,1.4,2.27,1.64,99198.8,7468.9,79037.5,5.5,6454.8,353.37,10.9,0.023453242,1843168,5714495.5,10013.9,109.4,13.7,14.7,12.8,12.1,29.2,5.8,47.6,14502,1867,1197,1297,12.4,161.9,14.3,10.7,12.6,9.8,12.4,12.3,13,11.6,12.1,10.9,14.6,4.1,3.8,3.7,4.6,4.3,5.5,4.8,4.1,3.5,14502,565,0.46,0.87,3.63,1.12,1.44,4.07,1.58,2.31,7.7,1140.32,6564.3,14610.78,709.56,2655.53,14702.02,1849.89,9219.83,29312.8
IIyear.MS2_TDR0.9_ebik1_eq0.csv,2,0.9,1,0,1457186.56,185888.07,96.7,12.3,21580.6,2.64,3.94,1.46,2.72,1.91,2.85,1.75,96681.5,4951.6,76382.6,5.3,3799.9,351.91,11.3,0.023356342,1843168,5703080.8,10204.2,96.2,13.7,14.7,12.7,12,29.4,5.8,47.5,14502,1891,1227,1311,12.6,165.2,17.6,7.9,12.7,10.8,12.7,11.9,13.6,11,12.2,11.1,15.6,4.8,4.7,4,5.2,5.4,6.5,6,5.3,2.9,14502,565,0.89,1.51,2.17,0.62,0.95,1.01,1.51,2.46,3.19,2221.21,11902.2,8754.08,394.83,1736.91,3401.36,2616.04,13639.11,12155.43
IIyear.MS2_TDR0.9_ebik1_eq1.csv,2,0.9,1,1,1458783.31,184291.32,96.8,12.2,19983.9,2.51,3.16,1.92,2.6,1.63,2.69,1.73,96191.8,4461.9,76012.6,5.2,3429.9,352.3,11.2,0.023382226,1843168,5701458.2,10231.2,95.3,13.7,14.7,12.8,12.1,29,5.8,47.5,14502,1886,1219,1297,12.5,164.5,14.5,10.7,12.8,9.6,12.5,12.5,13,11.7,12.5,11.1,14.1,4.7,4.4,4.2,5.2,4.8,5.9,5.4,4.6,4,14502,565,0.33,0.73,2.54,0.86,1.2,3.05,1.18,1.93,5.59,799.19,5503.18,10187.6,535.75,2208.91,11761.95,1334.94,7712.09,21949.55
IIyear.MS2_TDR1_ebik0_eq0.csv,2,1,0,0,1626658.98,16415.65,108,1.1,16415.7,2.33,3.8,1,2.39,1.76,2.47,1.73,100557.6,8827.7,80167.9,5.5,7585.2,392.84,1,0.026072874,2047965,6326283,-182.5,110.5,13.7,14.8,12.7,12,29.2,5.8,47.5,14502,1846,1185,1311,12.3,158.9,17.4,7.5,12.4,10.5,12.4,11.5,13.3,10.6,11.8,10.9,15.6,4.1,4,3.4,4.5,4.5,5.6,5.3,4.6,2.3,14502,565,1.35,2.12,2.83,0.72,0.9,0.84,2.07,3.02,3.67,3336.1,17003.52,11364.58,465.06,1653.76,2884.52,3801.16,18657.27,14249.1
IIyear.MS2_TDR1_ebik0_eq1.csv,2,1,0,1,1627399.11,15675.52,108,1,15675.5,2.27,2.94,1.66,2.37,1.31,2.4,1.73,100668.9,8939,80261.3,5.5,7678.6,393.02,1,0.026084821,2047965,6330322,-249.8,114.8,13.7,14.6,12.8,12,29.2,5.8,47.5,14502,1861,1193,1297,12.4,161,14.3,10.6,12.6,9.4,12.3,12.4,12.9,11.4,12.2,10.8,14.3,4.1,3.9,3.7,4.5,4,5.4,4.8,4,3.5,14502,565,0.56,0.93,3.53,1.24,1.52,4.27,1.8,2.45,7.8,1390.46,7219.71,14362.24,786.18,2790.47,15417.11,2176.64,10010.18,29779.34
IIyear.MS2_TDR1_ebik1_eq0.csv,2,1,1,0,1620829.81,22244.82,107.6,1.5,22244.8,2.81,4.26,1.49,2.89,2.04,3.03,1.89,98581.6,6851.7,77938.8,5.4,5356.1,391.43,1.4,0.025979292,2047965,6323213,-131.4,105.9,13.7,14.7,12.8,12,29.2,5.8,47.6,14502,1880,1219,1311,12.5,163.7,17.5,7.9,12.7,10.6,12.7,11.7,13.6,10.8,12,11.1,15.9,4.7,4.5,3.9,5.1,5.6,6.3,5.9,5.1,2.9,14502,565,1.07,1.51,2.61,0.63,1.05,1.13,1.7,2.57,3.74,2636.51,11727.95,10429.49,397.65,1935.14,3896.25,3034.16,13663.08,14325.74
IIyear.MS2_TDR1_ebik1_eq1.csv,2,1,1,1,1622107.39,20967.24,107.7,1.4,20967.2,2.71,3.44,2.04,2.81,1.68,2.87,2.02,98016.9,6287,77498.8,5.3,4916.1,391.74,1.3,0.025999867,2047965,6316264,-15.6,100.7,13.7,14.7,12.8,12,29.2,5.8,47.5,14502,1898,1232,1297,12.6,166.2,14.5,10.8,12.9,9.9,12.6,12.6,13.1,11.6,12.5,11.9,14.3,4.7,4.4,4.2,5.1,5.2,6.2,5.4,4.5,4.1,14502,565,0.52,0.81,2.77,0.92,1.32,3.42,1.43,2.13,6.18,1271.85,6335.39,11246.66,574.67,2431.78,12526.29,1846.52,8767.17,23772.95
IIyear.MS32_TDR0.7_ebik0_eq0.csv,32,0.7,0,0,1062889.6,580185.03,70.5,38.5,87262.6,7.63,11.08,4.49,7.74,6.54,8.48,3.94,130565,38835.1,106761.1,7.4,34178.4,256.69,35.3,0.01703657,1433575,4579879.9,28924.2,88.5,14.2,15.3,13.1,12.4,30,6.1,48.8,14502,8082,7775,8498,53.6,1033.5,64.6,43.7,53.5,54.3,55.3,46.4,56.1,51.1,52.8,45.4,60,16.9,16.3,15.6,18,16.9,19.8,18.7,18.2,13,14502,565,6.04,10.13,19.35,5.17,6.66,8.5,11.2,16.79,27.85,14994.82,83629.79,79488.65,3240.95,12216.42,27956.72,18235.77,95846.21,107445.37
IIyear.MS32_TDR0.7_ebik0_eq1.csv,32,0.7,0,1,1053636.55,589438.08,69.9,39.1,96515.7,8.31,8.91,7.76,8.5,6.48,9.2,4.43,138716.7,46986.8,113696.6,7.8,41113.9,254.45,35.9,0.016887901,1433575,4620940.6,28239.8,92.4,14.2,15.1,13.4,12.5,29.8,6.1,49.3,14502,8645,8328,9030,57.4,1112.5,57.8,57,57.5,55.8,58.6,52.1,58.6,57.1,57.4,49.1,58.4,18.2,17.2,17.9,19.5,18.3,19.3,18.7,18,17.8,14502,565,4.08,7.02,22.64,7.43,9.51,24.63,11.52,16.52,47.26,10096.53,57788.79,92797.23,4657.46,17429.12,81007.68,14753.98,75217.91,173804.91
IIyear.MS32_TDR0.7_ebik1_eq0.csv,32,0.7,1,0,1028697.31,614377.32,68.3,40.8,121454.9,10.46,13.27,7.9,10.65,8.63,11.65,5.3,121997.3,30267.4,96572.5,6.7,23989.8,248.43,37.4,0.016488352,1433575,4551983.3,29389.1,80.3,14.6,15.6,13.6,12.8,30.7,6.4,49.9,14502,8395,8101,8498,55.7,1077.4,66.3,46.1,55.5,57.5,57.1,49.7,57.9,53.2,55,48.9,62.1,22.2,21.1,21.3,23.8,23.4,25.2,24.5,23.8,17.6,14502,565,4.54,8.1,16.45,5.25,6.97,9.54,9.78,15.07,25.99,11231.83,67090.81,67150.63,3312.47,12760.6,31380.51,14544.3,79851.41,98531.14
IIyear.MS32_TDR0.7_ebik1_eq1.csv,32,0.7,1,1,1025895.16,617179.47,68.1,41,124257.1,10.71,11.55,9.95,10.91,8.82,11.88,5.65,122221.8,30491.9,96763.4,6.7,24180.7,247.75,37.6,0.01644322,1433575,4541540.1,29563.2,78.8,14.8,15.7,14,13.1,31,6.4,50.9,14502,8918,8627,9030,59.2,1150.8,59.5,58.9,59.3,58.4,60.1,55.1,60.2,58.5,59.5,50.9,60.8,23.4,21.9,23.5,24.7,24.2,25,24,23,23.1,14502,565,3.51,6.21,17.65,5.94,7.84,18.56,9.45,14.05,36.21,8720.49,51289.71,71994.65,3740.83,14358.33,61800.01,12461.32,65648.04,133794.65
IIyear.MS32_TDR0.8_ebik0_eq0.csv,32,0.8,0,0,1222014.92,421059.71,81.1,27.9,92444.8,8.14,11.81,4.8,8.26,7.01,9.05,4.23,139132.9,47403,113777.5,7.8,41194.8,295.12,25.6,0.019587177,1638372,5184388.6,18849,96.6,14.3,15.5,13.1,12.5,30.6,6.2,49.1,14502,8074,7765,8498,53.6,1032.4,64.4,43.8,53.4,54.9,55,47.3,56,50.8,52.8,46.6,59.9,16.9,16.2,15.4,18.1,17.4,20.5,18.8,18.3,12.8,14502,565,6.42,10.63,21.01,5.64,7.15,9.5,12.07,17.79,30.5,15917.57,88541.87,85679.98,3522.81,13121.39,31596.9,19440.38,101663.25,117276.88
IIyear.MS32_TDR0.8_ebik0_eq1.csv,32,0.8,0,1,1210142.85,432931.78,80.3,28.7,104316.9,9.06,9.56,8.6,9.27,7.04,10,4.97,149760,58030.1,122808.3,8.5,50225.6,292.25,26.3,0.019396695,1638372,5236607,17978.7,102.1,14.3,15.2,13.5,12.6,29.8,6.1,49.3,14502,8611,8300,9030,57.2,1107.7,57.3,57,57.4,54.5,58.3,52.4,58.5,56.9,56.9,49.5,58.3,18.4,17.2,18.3,19.6,19,19.7,18.9,18.2,18,14502,565,4.62,7.47,23.76,8.47,10.46,27.79,13.09,17.93,51.55,11443.27,61807.58,97088.86,5299.36,19152.78,92443.85,16742.63,80960.35,189532.71
IIyear.MS32_TDR0.8_ebik1_eq0.csv,32,0.8,1,0,1184331.13,458743.5,78.6,30.4,130128.6,11.25,14.11,8.66,11.42,9.59,12.5,5.84,129973.6,38243.7,102843.5,7.1,30260.8,286.02,27.9,0.018983208,1638372,5153472.8,19364.3,88.6,14.5,15.7,13.4,12.7,30.5,6.3,49.4,14502,8346,8052,8498,55.4,1070.5,65.8,46,55.1,57.6,56.7,49.8,57.8,52.4,54.7,48.6,61.6,21.7,20.7,20.5,23,23.3,25.5,23.8,23.3,17.2,14502,565,4.95,8.37,17.38,5.79,7.67,10.36,10.74,16.04,27.74,12297.78,69636.68,71424.04,3650.4,14051.58,33592.22,15948.19,83688.26,105016.26
IIyear.MS32_TDR0.8_ebik1_eq1.csv,32,0.8,1,1,1179287.83,463786.8,78.3,30.8,135171.9,11.64,12.69,10.68,11.95,8.72,12.91,6.15,131611.3,39881.4,104175.9,7.2,31593.2,284.8,28.2,0.018902237,1638372,5153385.4,19365.8,88.2,14.7,15.4,14.1,13,30.5,6.4,50.5,14502,8876,8577,9030,58.9,1144.9,59.4,58.5,59.1,57.1,59.9,54.8,60.1,58.1,59.2,51.5,59.1,22.8,21.4,22.6,24.1,24.5,24.2,23.3,22.5,22.4,14502,565,4.02,6.89,18.5,6.47,8.54,20.02,10.5,15.43,38.52,10017.53,57312.12,75650.95,4069.19,15646.13,67156.45,14086.71,72958.25,142807.39
IIyear.MS32_TDR0.9_ebik0_eq0.csv,32,0.9,0,0,1383821.32,259253.31,91.8,17.2,94945.9,8.48,12.42,4.9,8.62,7.1,9.41,4.47,145819.2,54089.3,119210.3,8.2,46627.6,334.19,15.8,0.022180261,1843168,5794228.6,8685,105.8,14.2,15.5,13,12.5,29.8,6.1,48.7,14502,7977,7672,8498,52.9,1018.8,63.8,43.1,52.8,53.8,54.5,46.1,55.3,50.9,52.2,43.4,59.1,16.2,15.5,14.8,17.5,16.7,19.7,18.1,17.6,12.2,14502,565,6.9,11.19,21.83,5.87,7.58,9.68,12.77,18.77,31.51,17036.97,92472.69,89206.69,3670.84,13872.17,32247.94,20707.82,106344.86,121454.63
IIyear.MS32_TDR0.9_ebik0_eq1.csv,32,0.9,0,1,1373170.72,269903.91,91.1,17.9,105596.5,9.28,9.97,8.66,9.49,7.31,10.2,5.3,155895.9,64166,127747.4,8.8,55164.7,331.62,16.4,0.02200969,1843168,5836923.7,7973.5,110.5,14.4,15.3,13.7,12.7,30.7,6.2,49.8,14502,8594,8267,9030,57,1105.3,57.1,57,57.1,55.8,58.1,52.5,58.2,56.9,57,48.6,57.8,17.5,16.3,17.4,18.8,18,19,18.2,17.3,17,14502,565,4.76,8.19,25.26,8.96,10.64,27.95,13.73,18.82,53.2,11761.6,68432.34,103040.99,5594.19,19504.86,91953.73,17355.79,87937.2,194994.72
IIyear.MS32_TDR0.9_ebik1_eq0.csv,32,0.9,1,0,1343571.2,299503.43,89.2,19.9,135196,11.77,14.69,9.1,11.94,10.09,13.05,6.18,136384.2,44654.3,107913.3,7.4,35330.6,324.47,18.2,0.021535143,1843168,5761498.8,9230.5,97.6,14.5,15.6,13.5,12.8,30.1,6.2,50.2,14502,8333,8032,8498,55.3,1068.7,65.7,45.8,55.1,56.7,56.6,49.8,57.6,52.8,54.7,47.4,61,20.9,19.8,20.2,22.1,22.2,24.5,23.1,22.1,16.8,14502,565,5.36,8.78,19.18,6.54,7.99,10.62,11.89,16.77,29.8,13294.85,73055.36,78504.05,4104.44,14627.66,34557.13,17399.3,87683.02,113061.19
IIyear.MS32_TDR0.9_ebik1_eq1.csv,32,0.9,1,1,1338727.93,304346.7,88.9,20.2,140039.2,12.2,13.26,11.23,12.46,9.66,13.47,6.65,138598.3,46868.4,109696.5,7.6,37113.8,323.3,18.5,0.02145749,1843168,5755370.1,9332.7,96.5,14.7,15.6,13.9,12.9,31.4,6.3,50.6,14502,8833,8534,9030,58.6,1138.8,58.7,58.6,58.8,56.5,59.4,55.2,59.9,58.3,58.6,51.4,59.1,22,20.5,21.9,23.5,23.5,24.2,22.8,21.5,21.7,14502,565,4.58,7.24,19.75,7.33,8.7,21.89,11.9,15.94,41.65,11340.04,60509.25,80790.24,4600.39,15930.18,74561.44,15940.43,76439.43,155351.68
IIyear.MS32_TDR1_ebik0_eq0.csv,32,1,0,0,1546136.03,96938.6,102.6,6.4,96938.6,8.83,12.92,5.12,8.94,7.83,9.7,5.09,151238.2,59508.3,123663.4,8.5,51080.7,373.39,5.9,0.024781974,2047965,6375966,-1010.6,109.6,14.2,15.4,13,12.5,29.8,6.2,48.6,14502,7955,7646,8498,52.8,1015.7,63.9,42.7,52.7,53.5,54.2,46.7,55.2,50.4,52,45,58.5,16.3,15.4,15.1,17.7,17.2,19.6,18.4,17.8,12,14502,565,7.21,11.87,23.1,6.49,7.9,9.6,13.7,19.77,32.71,17721.7,99038,94053.04,4085.17,14469.33,31196.91,21806.88,113507.33,125249.95
IIyear.MS32_TDR1_ebik0_eq1.csv,32,1,0,1,1531881.77,111192.86,101.7,7.4,111192.9,9.93,10.61,9.31,10.12,8.1,10.89,5.75,164394.4,72664.5,134801.4,9.3,62218.7,369.95,6.8,0.02455366,2047965,6425602,-1837.8,115.5,14.3,15.2,13.5,12.6,30,6.1,49.7,14502,8589,8275,9030,57,1104.6,57,57,57.2,54.8,58.2,52,57.9,56.6,57.1,49.7,58.7,18,16.8,17.8,19.3,19.5,19.4,18.4,17.7,17.9,14502,565,5.13,8.55,26.01,9.25,11.29,30.49,14.38,19.85,56.5,12619.89,71160.43,106059.01,5764.64,20696.23,102969.09,18384.52,91856.66,209028.1
IIyear.MS32_TDR1_ebik1_eq0.csv,32,1,1,0,1502223.45,140851.18,99.7,9.3,140851.2,12.39,15.47,9.59,12.58,10.54,13.69,6.78,142585.1,50855.2,112783.4,7.8,40200.7,362.79,8.6,0.02407845,2047965,6351808,-608,104.2,14.5,15.5,13.5,12.8,30.3,6.3,49.8,14502,8312,8019,8498,55.2,1065.8,65.4,45.9,54.9,57.2,56.5,49.6,57.4,53,54.4,48.5,60.5,20.5,19.4,19.7,21.9,21.9,23.5,22.4,22,16.3,14502,565,5.49,9.51,20.45,6.86,8.46,11.5,12.35,17.97,31.95,13569.57,78628.23,83628.11,4316.91,15500.21,37805.85,17886.48,94128.45,121433.96
IIyear.MS32_TDR1_ebik1_eq1.csv,32,1,1,1,1497014.39,146060.24,99.4,9.7,146060.2,12.84,13.86,11.91,13.12,10.19,14.16,7.16,145049.5,53319.6,114779.6,7.9,42196.9,361.53,8.9,0.023994823,2047965,6352245,-615.2,104.1,14.6,15.3,14,12.9,30.5,6.3,50.3,14502,8801,8495,9030,58.4,1134.4,58.7,58.2,58.5,56.9,59.4,54.3,59.7,57.7,58.4,51.3,59.8,21.4,20,21.4,22.9,22.3,23,22.2,21,21.1,14502,565,4.73,7.59,20.8,7.74,9.41,22.63,12.46,17,43.43,11706.06,63086.43,84902.5,4839.86,17243.5,75468.18,16545.92,80329.93,160370.67
IIyear.MS4_TDR0.7_ebik0_eq0.csv,4,0.7,0,0,1124464.32,518610.31,74.6,34.4,25687.9,2.75,4.45,1.2,2.8,2.21,3,1.68,100355.4,8625.5,80248.1,5.5,7665.4,271.56,31.6,0.018023495,1433575,4489490.1,30430.7,88.5,13.7,14.7,12.8,12.1,29,5.8,47.6,14502,2781,2185,2384,18.5,290,25.9,11.7,18.6,17,18.9,16.7,19.8,16.3,18,16.9,22.4,6.1,5.9,5.3,6.5,7,8.2,7.4,6.8,3.9,14502,565,1.94,3.13,4.6,0.94,1.44,1.44,2.88,4.56,6.04,4732.07,25206.03,18796.64,578.45,2634.28,5447.99,5310.51,27840.31,24244.62
IIyear.MS4_TDR0.7_ebik0_eq1.csv,4,0.7,0,1,1124358.09,518716.54,74.6,34.4,25794.1,2.75,3.15,2.38,2.82,2.01,2.97,1.79,101413.9,9684,81140.6,5.6,8557.9,271.53,31.6,0.018021504,1433575,4496978.6,30305.9,91.9,13.7,14.8,12.8,12.1,29.4,5.9,47.6,14502,2808,2186,2377,18.6,293.8,20.1,17.3,18.9,16.4,18.9,17.5,19.9,17.6,18.4,16.8,17.8,6.2,6,5.6,6.8,6.5,6.9,6.8,6.2,5.7,14502,565,0.73,1.42,5.13,1.81,2.68,6.59,2.53,4.1,11.72,1776.99,11089.81,21010.95,1113.03,4896.76,22271.35,2890.02,15986.57,43282.3
IIyear.MS4_TDR0.7_ebik1_eq0.csv,4,0.7,1,0,1116093.2,526981.43,74.1,35,34059,3.45,5.09,1.96,3.52,2.75,3.79,1.99,97180.3,5450.4,76736.7,5.3,4154,269.54,32.1,0.017889427,1433575,4480252.8,30584.6,80.3,13.8,14.9,12.8,12.1,29.5,5.9,47.7,14502,2854,2260,2384,18.9,300.3,26.3,12.2,19,17.8,19.3,17.3,20.3,16.8,18.5,17.2,22.6,7.5,7.3,6.7,8,8.7,9.7,9.1,8.3,4.9,14502,565,1.33,2.43,3.84,1.06,1.44,1.75,2.39,3.87,5.59,3271.07,19796.84,15478.98,639.56,2637.3,6929.87,3910.63,22434.14,22408.85
IIyear.MS4_TDR0.7_ebik1_eq1.csv,4,0.7,1,1,1116990.58,526084.05,74.1,34.9,33161.7,3.34,3.81,2.91,3.44,2.39,3.63,2.09,96657.8,4927.9,76334.2,5.3,3751.5,269.75,32,0.017903365,1433575,4474155.1,30686.3,78.1,13.9,14.8,13.1,12.3,29.3,5.9,48.2,14502,2877,2259,2377,19.1,303.5,20.4,17.9,19.3,16.9,19.2,18.7,20,18,19.2,17.6,18.5,7.6,7.3,7,8.3,8.2,8.1,8.2,7.4,7.3,14502,565,0.55,1.25,4.02,1.34,2,4.87,1.9,3.24,8.89,1399.81,9579.81,16235.44,819.15,3650.99,16087.26,2218.96,13230.8,32322.7
IIyear.MS4_TDR0.8_ebik0_eq0.csv,4,0.8,0,0,1285730.23,357344.4,85.3,23.7,28729.5,3.07,4.99,1.33,3.16,2.25,3.35,1.89,104440.1,12710.2,83636.1,5.8,11053.4,310.5,21.7,0.020607951,1638372,5110812.4,20075.3,98.8,13.7,14.7,12.8,12,29.2,5.8,47.6,14502,2791,2197,2384,18.5,291.4,25.9,11.8,18.6,17.4,18.9,16.8,19.8,16.5,18.1,16.8,22.2,6.2,6,5.4,6.7,6.8,8.2,7.5,7,3.7,14502,565,2.2,3.65,5.47,1.19,1.59,1.77,3.39,5.25,7.24,5380.15,29548.35,22329.82,723.64,2925.23,6606.3,6103.79,32473.58,28936.12
IIyear.MS4_TDR0.8_ebik0_eq1.csv,4,0.8,0,1,1286464.76,356609.87,85.4,23.7,27994.9,3.01,3.45,2.61,3.07,2.39,3.22,2.09,104910.6,13180.7,84028.7,5.8,11446,310.68,21.7,0.020619898,1638372,5117009.8,19972,102.3,13.8,14.7,12.9,12.1,29.3,5.9,47.9,14502,2817,2193,2377,18.7,295.1,20.1,17.4,18.9,16.8,18.8,18.1,19.7,17.6,18.7,17,18.3,6.2,6,5.7,6.8,6.6,6.8,6.9,6.2,5.5,14502,565,0.96,1.68,5.61,2.24,2.91,7.01,3.21,4.59,12.62,2334.49,13071.38,22893.32,1379.32,5327.62,23390.26,3713.81,18398.99,46283.59
IIyear.MS4_TDR0.8_ebik1_eq0.csv,4,0.8,1,0,1277390.81,365683.82,84.8,24.3,37068.9,3.77,5.59,2.12,3.85,3.02,4.14,2.2,100293.9,8564,79230.5,5.5,6647.8,308.49,22.3,0.020474547,1638372,5098653.2,20278,89.7,13.8,15,12.8,12.2,29.2,5.9,48,14502,2854,2262,2384,18.9,300.3,26.4,12.2,19.1,17.6,19.3,17.5,20.1,16.9,18.5,18,22.8,7.4,7,6.6,7.9,8.8,9.7,8.8,8.1,4.8,14502,565,1.58,2.84,4.16,1.14,1.64,1.91,2.72,4.47,6.07,3835.13,23106.49,16919.89,704.77,3002.01,7298.61,4539.9,26108.51,24218.5
IIyear.MS4_TDR0.8_ebik1_eq1.csv,4,0.8,1,1,1278030.06,365044.57,84.8,24.2,36429.6,3.71,4.3,3.18,3.82,2.62,4.02,2.38,100134.6,8404.7,79119.4,5.5,6536.7,308.64,22.2,0.020484503,1638372,5093118.4,20370.2,87.5,13.9,14.8,13,12.2,29.6,5.9,47.9,14502,2878,2256,2377,19.1,303.6,20.6,17.7,19.3,16.7,19.2,18.6,20,18,19,18.4,18.8,7.5,7.2,6.9,8,8.3,7.8,8.3,7.3,6.9,14502,565,0.85,1.34,4.75,1.8,2.28,4.97,2.65,3.62,9.72,2087.51,10364.38,19463.47,1086.25,4177.06,16837.61,3173.76,14541.44,36301.09
IIyear.MS4_TDR0.9_ebik0_eq0.csv,4,0.9,0,0,1449519.53,193555.1,96.2,12.8,29247.6,3.22,5.21,1.4,3.28,2.53,3.49,2.03,106745.7,15015.8,85524.5,5.9,12941.8,350.06,11.8,0.023233557,1843168,5727773.4,9792.6,108,13.7,14.8,12.8,12.1,29.4,5.8,47.7,14502,2768,2173,2384,18.4,288.2,25.7,11.7,18.5,16.9,18.7,16.9,19.6,16.4,17.9,16.9,21.8,6,5.8,5.2,6.5,6.7,8.3,7.4,6.7,3.7,14502,565,2.38,3.78,5.47,1.4,1.6,1.94,3.78,5.38,7.42,5840.95,30676.93,22387.21,871.74,2930.56,7126.25,6712.68,33607.5,29513.47
IIyear.MS4_TDR0.9_ebik0_eq1.csv,4,0.9,0,1,1449968.14,193106.49,96.2,12.8,28799,3.17,3.74,2.66,3.26,2.31,3.42,2.09,107568.8,15838.9,86213.2,5.9,13630.5,350.17,11.8,0.023240858,1843168,5734905.9,9673.8,111.8,13.7,14.7,12.8,12.1,29.2,5.9,47.6,14502,2801,2179,2377,18.6,292.8,20.1,17.2,18.8,16.4,18.8,17.5,19.6,17.5,18.6,16.8,18,6.1,5.9,5.6,6.5,6.6,6.8,6.7,6,5.6,14502,565,1.09,1.77,6.48,2.31,2.84,7.38,3.41,4.61,13.86,2671.12,14010.37,26486.73,1421.64,5201.54,24261.21,4092.75,19211.92,50747.95
IIyear.MS4_TDR0.9_ebik1_eq0.csv,4,0.9,1,0,1439794.94,203279.69,95.6,13.5,38972.2,4.02,5.86,2.35,4.11,3.13,4.41,2.33,103071.5,11341.6,81462.6,5.6,8879.9,347.71,12.4,0.023077587,1843168,5712921.4,10040.2,97.4,13.8,14.9,12.8,12.1,29.6,5.9,47.8,14502,2849,2257,2384,18.9,299.6,26.4,12.1,19,17.4,19.2,17.6,20.1,16.9,18.5,17.6,22.7,7.2,7,6.5,7.6,9,9.4,8.6,8,4.7,14502,565,1.74,2.94,4.69,1.32,1.85,2.17,3.06,4.78,6.86,4303.61,24189.36,19165.7,819.29,3380.22,7689.76,5122.9,27569.59,26855.46
IIyear.MS4_TDR0.9_ebik1_eq1.csv,4,0.9,1,1,1441186.75,201887.88,95.7,13.4,37580.4,3.89,4.57,3.28,4,2.87,4.24,2.42,102473.9,10744,81004.7,5.6,8422,348.05,12.3,0.023100153,1843168,5711362.8,10066.1,96.9,13.8,14.7,12.9,12.1,29.4,5.9,47.7,14502,2858,2239,2377,19,300.8,20.4,17.7,19.2,16.6,19.2,18.2,19.9,17.8,19,17.6,18.7,7.2,7,6.7,7.7,8,7.8,7.8,7.1,6.8,14502,565,0.94,1.67,4.99,1.8,2.43,5.6,2.74,4.1,10.59,2326.13,13279.84,20387.58,1110.19,4443.91,18821.46,3436.32,17723.74,39209.04
IIyear.MS4_TDR1_ebik0_eq0.csv,4,1,0,0,1613081.1,29993.53,107.1,2,29993.5,3.42,5.57,1.45,3.48,2.79,3.69,2.24,109071.2,17341.3,87458.7,6,14876,389.56,1.8,0.02585518,2047965,6338612,-388,112.5,13.7,14.7,12.8,12.1,29.2,5.8,47.7,14502,2764,2166,2384,18.3,287.7,25.9,11.5,18.4,17.2,18.8,16.6,19.6,16.4,17.9,16.2,22.2,6.1,5.8,5.2,6.6,7,8,7.5,6.8,3.6,14502,565,2.62,4.11,5.33,1.45,1.76,1.83,4.06,5.87,7.16,6410.67,33390.33,21838.8,892.12,3229.33,6574.83,7302.79,36619.65,28413.63
IIyear.MS4_TDR1_ebik0_eq1.csv,4,1,0,1,1613175.53,29899.1,107.1,2,29899.1,3.4,4.02,2.83,3.5,2.38,3.64,2.36,110239.5,18509.6,88440,6.1,15857.3,389.58,1.8,0.025856508,2047965,6345687,-505.9,116,13.7,14.6,12.9,12.1,29.1,5.9,47.5,14502,2795,2178,2377,18.6,292,20,17.2,18.8,16.4,18.7,17.9,19.4,17.4,18.6,17.7,18.1,6.2,6,5.7,6.6,6.8,6.7,6.7,6,5.8,14502,565,1.16,1.99,6.97,2.48,3.06,7.81,3.64,5.04,14.78,2874.14,16013.69,28373.25,1520.35,5596.95,25885.95,4394.49,21610.64,54259.2
IIyear.MS4_TDR1_ebik1_eq0.csv,4,1,1,0,1602421.94,40652.69,106.4,2.7,40652.7,4.31,6.32,2.48,4.39,3.54,4.72,2.57,105517.1,13787.2,83426.7,5.8,10844,386.98,2.5,0.025683945,2047965,6328927,-226.6,105.5,13.7,14.8,12.8,12.1,29.2,5.8,47.8,14502,2853,2261,2384,18.9,300.1,26.5,12.1,19,18,19.3,17.4,20.2,16.9,18.5,18,22.5,7.1,6.8,6.2,7.6,8.5,9.3,8.5,7.8,4.6,14502,565,2.02,3.06,5.25,1.41,1.93,2.24,3.43,4.99,7.49,4977.63,25343.85,21560.35,860.9,3539.97,7982.94,5838.53,28883.82,29543.29
IIyear.MS4_TDR1_ebik1_eq1.csv,4,1,1,1,1604071.42,39003.21,106.5,2.6,39003.2,4.13,4.71,3.59,4.22,3.2,4.47,2.67,104850.5,13120.6,82924.9,5.7,10342.2,387.38,2.4,0.025710493,2047965,6323003,-127.9,103.2,13.8,14.8,12.9,12.1,29.3,5.9,47.6,14502,2860,2237,2377,19,301.1,20.4,17.7,19.2,17,19.1,18.5,19.9,17.8,19,17.7,18.4,7.1,6.8,6.6,7.7,8.2,7.4,7.7,7,6.8,14502,565,1.05,1.81,5.35,1.97,2.73,5.85,3.01,4.54,11.2,2583.15,14401.38,21913.54,1209.64,5001.89,19816.36,3792.79,19403.28,41729.9
IIyear.MS64_TDR0.7_ebik0_eq0.csv,64,0.7,0,0,1042555.12,600519.51,69.2,39.9,107597.1,9.26,12.96,5.89,9.37,8.12,10.27,4.87,140846.9,49117,115793.4,8,43210.7,251.78,36.5,0.016710692,1433575,4609626.9,28428.4,88.3,14.4,15.5,13.3,12.7,29.6,6.2,49.7,14502,9902,9689,10596,65.7,1288.8,74.8,57.5,65.7,66,67.5,58.2,68.6,63.6,65,55.4,69.9,20.5,19.9,19.1,21.9,20.8,23,21.9,21.7,17.3,14502,565,6.88,11.72,25.43,6.49,8.54,13.48,13.37,20.26,38.91,16991.2,97073.35,103603.3,4056.37,15633.03,46519.49,21047.58,112706.38,150122.78
IIyear.MS64_TDR0.7_ebik0_eq1.csv,64,0.7,0,1,1029061.26,614013.37,68.3,40.8,121091,10.25,10.93,9.63,10.47,8.19,11.35,5.48,152014.5,60284.6,125289.6,8.6,52706.9,248.52,37.4,0.016494325,1433575,4669251.6,27434.7,93.1,14.4,15.3,13.5,12.6,30.7,6.2,49.5,14502,10559,10331,11176,70.1,1380.9,69.7,70.4,70.3,68.3,71.7,63.2,72.1,70.7,69.4,58.3,70.5,22.1,21,21.8,23.4,21.9,24,22.6,21.5,22.2,14502,565,5.31,8.93,28.88,9.33,11.44,31.88,14.64,20.37,60.76,13169.7,73831.28,117613.4,5901.32,20956.2,105588.6,19071.02,94787.48,223202
IIyear.MS64_TDR0.7_ebik1_eq0.csv,64,0.7,1,0,999584.69,643489.94,66.3,42.7,150567.5,12.79,15.25,10.56,13.04,10.45,14.27,6.44,130068.5,38338.6,103004.5,7.1,30421.8,241.4,39.2,0.016021769,1433575,4575016.5,29005.2,80.2,14.9,15.8,14.1,13.1,31.3,6.5,51,14502,10290,10096,10596,68.3,1343.2,76.9,60.5,68.1,69.7,69.8,61.8,71.3,66.4,66.7,58.3,74.8,27.3,26.2,26.9,28.4,28.7,30.3,29.4,28.6,23.2,14502,565,5.1,9.19,20.32,7.05,8.67,14.22,12.15,17.87,34.54,12649.42,76201.63,83082.63,4440.92,15882.85,48164.29,17090.34,92084.48,131246.92
IIyear.MS64_TDR0.7_ebik1_eq1.csv,64,0.7,1,1,994025.98,649048.65,66,43.1,156126.3,13.26,14.13,12.47,13.58,10.17,14.74,6.85,131897.1,40167.2,104489.2,7.2,31906.5,240.06,39.5,0.015932833,1433575,4575966.6,28989.4,79.8,14.9,15.7,14.3,13.2,31.4,6.5,51.5,14502,10872,10663,11176,72.2,1424.8,72.2,72.1,72.2,71.2,73.2,67.9,73.8,72.3,71.3,63.2,74.3,28.6,27.2,28.8,29.5,30.8,30.8,29,28,28.7,14502,565,4.55,7.98,21.35,7.2,9.68,23.62,11.75,17.67,44.97,11299.41,66677.76,87634.1,4553.71,17730.77,78085.18,15853.11,84408.53,165719.28
IIyear.MS64_TDR0.8_ebik0_eq0.csv,64,0.8,0,0,1201166.37,441908.26,79.7,29.3,113293.3,9.82,13.8,6.2,9.96,8.49,10.87,5.3,150658.6,58928.7,123808.7,8.5,51226,290.08,26.9,0.019252671,1638372,5209575,18429.3,96.5,14.5,15.6,13.5,12.8,30.2,6.3,49.8,14502,9863,9650,10596,65.5,1283.3,74.5,57.2,65.4,65.6,67.1,58.5,68.5,63.4,64.3,55.7,70.2,20.4,19.6,19,21.8,21.5,24,22.2,21.6,16.6,14502,565,7.46,12.54,26.58,7.47,9.13,14.52,14.93,21.67,41.1,18342.87,103768.11,108212.4,4705.95,16736.03,49340.69,23048.82,120504.14,157553.09
IIyear.MS64_TDR0.8_ebik0_eq1.csv,64,0.8,0,1,1185876.34,457198.29,78.7,30.3,128583.4,11,11.48,10.56,11.24,8.73,12.14,6.05,164193.5,72463.6,135283.7,9.3,62701,286.39,27.8,0.019007765,1638372,5273241,17368.2,101.9,14.6,15.4,13.8,12.8,30.6,6.3,50.3,14502,10524,10295,11176,69.8,1376,69.6,70.1,70,68.6,71.2,64,71.9,70.4,68.7,58.9,71.7,22.2,21.1,22,23.3,22.8,24.7,22.6,22,22,14502,565,5.69,9.56,29.45,10.26,12.94,34.4,15.95,22.5,63.85,14057.41,79470.69,120419.16,6448.95,23695.82,115508.93,20506.35,103166.51,235928.09
IIyear.MS64_TDR0.8_ebik1_eq0.csv,64,0.8,1,0,1153538.86,489535.77,76.6,32.5,160920.8,13.72,16.3,11.37,13.95,11.49,15.26,7.12,139779.3,48049.4,110684.8,7.6,38102.1,278.58,29.8,0.018489414,1638372,5173378.2,19032.5,88.7,14.8,15.7,14,13.1,30.5,6.5,50.4,14502,10264,10069,10596,68.1,1339.6,76.7,60.3,68,69.1,69.5,62.1,71.2,65.9,66.8,59,73.7,26.5,25.4,25.8,27.8,28.2,29.3,28.5,27.7,22.7,14502,565,5.69,9.62,22.73,7.69,9.64,15.89,13.37,19.26,38.62,14090.73,80093.81,93294.93,4777.98,17655.23,54234.48,18868.71,97749.04,147529.4
IIyear.MS64_TDR0.8_ebik1_eq1.csv,64,0.8,1,1,1147119.77,495954.86,76.1,32.9,167339.9,14.32,15.24,13.48,14.61,11.56,15.9,7.51,142746.6,51016.7,113069.6,7.8,40486.9,277.03,30.2,0.01838654,1638372,5177252,18968,88.6,14.8,15.7,14,13.1,30.9,6.5,50.8,14502,10834,10620,11176,71.9,1419.5,71.8,72,72,70.6,73,67.2,73.5,72.3,71.3,61.8,73.6,27.8,26.4,28,29,30.3,29.4,28.4,27.2,27.8,14502,565,4.99,8.87,22.68,8.43,10.37,25.9,13.42,19.25,48.59,12387.4,73891.73,92969.56,5329.43,18984.02,86202.57,17716.83,92875.74,179172.12
IIyear.MS64_TDR0.9_ebik0_eq0.csv,64,0.9,0,0,1363103.78,279970.85,90.5,18.6,115663.4,10.12,14.31,6.31,10.27,8.63,11.22,5.37,158530.3,66800.4,130151.9,9,57569.2,329.19,17,0.02184841,1843168,5817182.4,8302.5,105.9,14.3,15.6,13.2,12.7,29.8,6.2,49.6,14502,9777,9551,10596,64.9,1271.2,74.4,56.3,64.9,64.4,66.6,57.5,68.1,62.8,63.7,54.5,69.8,19.6,18.8,18.4,20.7,20.8,22.4,21,20.9,16,14502,565,7.66,13.29,27.96,7.65,9.4,14.1,15.31,22.69,42.06,18854.41,109816.08,113708.43,4812.16,17223.82,47675.58,23666.58,127039.9,161384.01
IIyear.MS64_TDR0.9_ebik0_eq1.csv,64,0.9,0,1,1346701.69,296372.94,89.4,19.7,132065.5,11.44,12.11,10.83,11.65,9.4,12.6,6.39,173272.7,81542.8,142663.1,9.8,70080.4,325.23,18,0.021585584,1843168,5875340.5,7333.2,110.8,14.4,15.3,13.5,12.6,30.3,6.2,49.5,14502,10468,10217,11176,69.5,1368.2,69.4,69.6,69.6,68.6,70.8,63.6,71.1,70,68.7,59.9,71.1,21.5,20.4,21.3,22.7,22.7,23.3,22.1,21.1,21.5,14502,565,6.01,10.09,31.38,10.89,13.05,35.36,16.91,23.14,66.74,14892.8,84240.79,128399.21,6848.45,23899.54,117934.52,21741.24,108140.33,246333.73
IIyear.MS64_TDR0.9_ebik1_eq0.csv,64,0.9,1,0,1311611.63,331463,87.1,22,167155.5,14.37,17.08,11.9,14.66,11.6,15.95,7.54,147857.7,56127.8,117045.2,8.1,44462.5,316.75,20.2,0.021022765,1843168,5769804.7,9092.1,96.8,14.7,15.9,13.7,13,31.4,6.5,50.4,14502,10200,10001,10596,67.7,1330.6,76.2,60,67.6,68.9,69,62.2,70.7,65.5,66.3,59.1,73.6,25.6,24.4,24.8,26.8,27.2,28.5,27.3,26.7,22,14502,565,5.77,10.3,24.73,8.22,10.25,16.33,14,20.55,41.06,14331.11,85174.64,101104.49,5192.71,18766.08,54820.43,19523.82,103940.73,155924.92
IIyear.MS64_TDR0.9_ebik1_eq1.csv,64,0.9,1,1,1304361.85,338712.78,86.6,22.5,174405.3,14.96,15.94,14.07,15.29,11.9,16.6,7.89,150831,59101.1,119427.3,8.2,46844.6,315,20.6,0.020906617,1843168,5772778.7,9042.5,96.8,14.8,15.7,13.9,13.1,30.5,6.4,50.8,14502,10819,10604,11176,71.8,1417.4,71.9,71.7,72.1,69.4,72.9,66.9,73.3,72.1,71.2,62.3,73.8,26.8,25.2,26.9,28.1,30,28.8,27.4,26.3,26.8,14502,565,5.48,9.03,25.02,9.05,11.05,27.33,14.54,20.08,52.35,13552.08,75003.67,102308.78,5712.66,20215.62,90132.78,19264.74,95219.29,192441.56
IIyear.MS64_TDR1_ebik0_eq0.csv,64,1,0,0,1524185.14,118889.49,101.2,7.9,118889.5,10.61,15.03,6.6,10.72,9.6,11.63,6.2,165246.2,73516.3,135704.7,9.4,63122,368.09,7.2,0.024430212,2047965,6384913,-1159.7,108.8,14.2,15.3,13.2,12.5,30,6.1,49.2,14502,9755,9529,10596,64.7,1268.2,74,56.3,64.7,64.7,66.2,58.3,67.3,62.8,63.7,56.3,69.7,19.9,19,18.4,21.2,22.8,23.4,22,20.9,15.9,14502,565,8.3,13.39,29.67,8.23,9.91,15.31,16.53,23.3,44.98,20364.4,110676.75,121195.03,5178.12,18141.77,52367.54,25542.52,128818.52,173562.57
IIyear.MS64_TDR1_ebik0_eq1.csv,64,1,0,1,1506235.68,136838.95,100,9.1,136839,12.03,12.55,11.55,12.27,9.74,13.16,7.17,181380.8,89650.9,149378.6,10.3,76795.9,363.76,8.3,0.024142829,2047965,6453637,-2305.1,115.8,14.4,15.3,13.6,12.7,30.3,6.1,50.1,14502,10434,10185,11176,69.3,1363.4,68.9,69.6,69.5,66.8,70.4,64.4,71,69.3,68.8,58.2,70.6,21.8,20.5,21.7,23.1,23.7,23.4,22,21.3,22,14502,565,6.4,10.41,32.57,11.47,13.83,37.2,17.87,24.24,69.77,15825.15,86465.65,132663.94,7185.41,25335.91,125162.43,23010.56,111801.57,257826.37
IIyear.MS64_TDR1_ebik1_eq0.csv,64,1,1,0,1466709.45,176365.18,97.3,11.7,176365.2,15.27,18.18,12.62,15.53,12.82,16.88,8.31,156388.9,64659,123754.5,8.5,51171.8,354.21,10.7,0.023508993,2047965,6366033,-845,104.7,14.5,15.5,13.7,12.8,30.7,6.3,50.2,14502,10189,9978,10596,67.6,1329,76.1,59.9,67.5,68.2,68.9,62.1,70.2,66.1,66.6,57,72.9,25.2,24,24.7,26.4,26.9,27.4,27.1,26.2,21.7,14502,565,6.59,10.96,25.78,9.04,10.68,17.49,15.63,21.63,43.27,16295.24,90977.1,105179.35,5665.68,19538.82,59246.5,21960.92,110515.92,164425.85
IIyear.MS64_TDR1_ebik1_eq1.csv,64,1,1,1,1459098.31,183976.32,96.8,12.2,183976.3,15.89,16.95,14.93,16.21,12.91,17.58,8.59,159792.4,68062.5,126471,8.7,53888.3,352.37,11.2,0.023386872,2047965,6374534,-986.7,105.2,14.7,15.5,13.9,13,30.7,6.2,51.1,14502,10756,10533,11176,71.4,1408.6,71.3,71.5,71.5,70.5,72.5,66.7,72.9,71.8,70.9,62.5,71.6,26.3,24.8,26.4,27.4,28.7,28.3,27,25.7,26.1,14502,565,5.93,9.69,26.48,9.6,11.63,27.88,15.53,21.32,54.35,14714.14,79864.87,108228.6,6000.02,21295.05,92421.48,20714.16,101159.92,200650.08
IIyear.MS8_TDR0.7_ebik0_eq0.csv,8,0.7,0,0,1105764.53,537310.1,73.4,35.7,44387.7,4.19,6.61,1.99,4.28,3.31,4.64,2.28,109457.1,17727.2,88208.8,6.1,15626.1,267.04,32.7,0.017723502,1433575,4520265.7,29917.8,90.1,13.8,14.9,12.8,12.1,29.6,5.9,48.1,14502,4243,3729,4063,28.2,495.1,38,19.2,28.2,27.9,29,24.8,29.6,25.2,28.2,24.1,33.1,9.1,8.8,7.8,9.9,9.7,11.8,10.7,10.2,5.9,14502,565,3.35,5.53,7.95,2,2.73,2.85,5.35,8.26,10.79,8261.47,44975.7,32543.7,1224.66,5006.14,10660.07,9486.12,49981.84,43203.77
IIyear.MS8_TDR0.7_ebik0_eq1.csv,8,0.7,0,1,1104203.27,538871.36,73.3,35.8,45949,4.29,4.77,3.86,4.4,3.25,4.71,2.48,111858.8,20128.9,90244.7,6.2,17662,266.67,32.8,0.017698945,1433575,4535031.5,29671.7,93.7,13.9,14.9,13,12.2,29.4,5.9,48.2,14502,4400,3846,4163,29.2,517.1,30.1,28.4,29.5,26.1,29.7,27.3,30,29.3,28.8,25,30.1,9.4,9.1,9.1,10,9.6,10.7,10,9.5,8.9,14502,565,1.85,2.91,9.75,3.55,4.46,11.16,5.4,7.37,20.91,4558.29,23528.83,40019.37,2166.55,8172.52,35987.52,6724.84,31701.35,76006.89
IIyear.MS8_TDR0.7_ebik1_eq0.csv,8,0.7,1,0,1091325.89,551748.74,72.4,36.6,58826.4,5.43,7.67,3.38,5.51,4.58,6.01,2.92,104489.7,12759.8,82568.7,5.7,9986,263.56,33.6,0.017492533,1433575,4506454.4,30147.9,81.8,14,15.2,12.9,12.3,29.7,6.1,48.2,14502,4392,3885,4063,29.1,516,39.1,20.1,29.2,28.7,29.9,26.1,30.5,26.2,29.1,26.2,34.3,11.6,11.1,10.3,12.4,12.7,14.3,13.4,12.8,7.8,14502,565,2.4,4.21,7.09,2.11,2.92,2.85,4.52,7.13,9.94,5945.35,34250.67,28952.07,1300.14,5344.28,10354.28,7245.49,39594.95,39306.34
IIyear.MS8_TDR0.7_ebik1_eq1.csv,8,0.7,1,1,1091165.24,551909.39,72.4,36.6,58987,5.45,6,4.95,5.56,4.34,5.97,3.2,104326.5,12596.6,82455.6,5.7,9872.9,263.52,33.6,0.017489879,1433575,4497937.3,30289.9,79.6,14.1,14.9,13.4,12.4,29.7,6.1,48.7,14502,4510,3968,4163,29.9,532.5,30.8,29.1,30.1,27.9,30.1,29.1,30.5,29.5,29.8,26.8,31.4,11.9,11.3,11.6,12.6,12.7,13.6,12.6,11.7,11.6,14502,565,1.51,2.52,7.4,2.85,3.59,8.51,4.36,6.11,15.91,3731.85,20536.01,30194.21,1734.88,6571.08,28196.82,5466.73,27107.09,58391.02
IIyear.MS8_TDR0.8_ebik0_eq0.csv,8,0.8,0,0,1267487.19,375587.44,84.1,24.9,46972.5,4.52,7.13,2.14,4.61,3.63,4.98,2.56,114236.9,22507,92145.7,6.4,19563,306.1,22.9,0.020315922,1638372,5132830.8,19708.3,98,13.9,15.1,12.8,12.2,29.7,6,47.9,14502,4234,3715,4063,28.1,493.8,38.2,18.9,28.1,27.4,28.9,24.7,29.6,25.6,28,23.4,32.7,9.1,8.8,7.9,10,9.7,11.6,10.5,10.4,5.9,14502,565,3.45,6.11,9.09,2.26,3.05,3.15,5.71,9.16,12.25,8471.99,49539.26,37181.76,1375.17,5579.92,11590.89,9847.16,55119.18,48772.65
IIyear.MS8_TDR0.8_ebik0_eq1.csv,8,0.8,0,1,1265760.15,377314.48,84,25,48699.6,4.63,5.07,4.24,4.75,3.52,5.05,2.85,117003.7,25273.8,94485.4,6.5,21902.7,305.68,23,0.020288047,1638372,5149487.2,19430.7,102.3,13.9,14.8,13,12.2,29.4,5.9,48.1,14502,4386,3840,4163,29.1,515.1,30,28.3,29.4,26.4,29.6,27.2,29.9,28.7,29,25.7,29.7,9.5,9,9.1,10.1,10.2,10.8,10,9.5,9,14502,565,1.95,3.24,10.23,4.01,4.84,12.9,5.96,8.07,23.14,4779.53,26619.81,41868.74,2451.4,8866.16,42333.45,7230.93,35485.97,84202.2
IIyear.MS8_TDR0.8_ebik1_eq0.csv,8,0.8,1,0,1251571.91,391502.72,83.1,26,62887.8,5.86,8.24,3.7,5.99,4.64,6.47,3.27,108768.4,17038.5,85978.9,5.9,13396.2,302.25,23.8,0.020060397,1638372,5118642.6,19944.8,90.2,14.1,15.2,13,12.4,29.6,6.1,48.5,14502,4374,3859,4063,29,513.5,38.9,20.1,29.1,28.4,29.7,26.3,30.4,26.5,29,25.8,33.4,11.3,10.9,10.2,12.1,12.3,13.4,12.9,12.6,7.6,14502,565,2.72,4.6,7.54,2.34,3.29,3.43,5.06,7.89,10.97,6727.76,38086.27,30762.62,1436.46,6025.14,12261.2,8164.23,44111.41,43023.82
IIyear.MS8_TDR0.8_ebik1_eq1.csv,8,0.8,1,1,1251054.26,392020.37,83,26,63405.4,5.86,6.52,5.27,6.02,4.35,6.45,3.38,108685.3,16955.4,85921.4,5.9,13338.7,302.13,23.9,0.020052432,1638372,5110699.8,20077.2,88.2,14.1,15.1,13.2,12.4,29.5,6,48.9,14502,4496,3953,4163,29.8,530.6,30.9,28.9,30.1,27.6,30.1,28.8,30.3,29.3,29.9,26.2,31.5,11.6,10.9,11.2,12.3,12.2,13,12.1,11.4,11.1,14502,565,1.82,2.8,7.8,3.06,3.99,9.16,4.87,6.79,16.97,4534.51,22977.97,32232.92,1868.98,7320.37,30180.32,6403.49,30298.35,62413.23
IIyear.MS8_TDR0.9_ebik0_eq0.csv,8,0.9,0,0,1431537.39,211537.24,95,14,47229.8,4.65,7.29,2.26,4.75,3.72,5.09,2.78,117288.9,25559,94615.5,6.5,22032.8,345.72,12.9,0.02294551,1843168,5744615.1,9511.9,106.3,13.8,14.9,12.8,12.1,29.2,5.9,47.8,14502,4196,3677,4063,27.8,488.5,37.7,18.9,28,26.5,28.6,24.7,29.6,24.8,27.7,24.6,32.6,8.8,8.4,7.6,9.6,9.3,11.2,10.3,9.9,5.5,14502,565,3.65,6.12,9.3,2.56,3.23,2.91,6.21,9.34,12.21,8957.51,49929,38006.83,1584.37,5921.94,10121.55,10541.89,55850.93,48128.37
IIyear.MS8_TDR0.9_ebik0_eq1.csv,8,0.9,0,1,1428259.03,214815.6,94.8,14.3,50508.1,4.9,5.5,4.36,5.01,3.86,5.33,3.06,121263.9,29534,97982,6.8,25399.3,344.92,13.1,0.022892414,1843168,5764277.5,9184.2,111.3,13.9,14.8,13,12.2,29.2,5.9,48.1,14502,4369,3823,4163,29,512.8,29.8,28.2,29.2,26.7,29.3,27.6,29.9,28.6,28.7,25.3,29.7,9.3,8.9,8.8,9.8,9.8,10.4,9.8,9.2,8.8,14502,565,2.19,3.55,11.35,4.15,5.03,12.84,6.35,8.58,24.18,5412.59,29093.41,46570.22,2538.52,9236.18,41188.33,7951.11,38329.59,87758.55
IIyear.MS8_TDR0.9_ebik1_eq0.csv,8,0.9,1,0,1413563.8,229510.83,93.8,15.2,65203.4,6.16,8.67,3.87,6.28,4.88,6.78,3.48,112311.6,20581.7,88803.9,6.1,16221.2,341.38,14,0.022657463,1843168,5732317.8,9716.9,99,13.9,15,13,12.3,29.5,6,48.2,14502,4362,3853,4063,29,511.8,38.8,20,29,28.7,29.7,26,30.4,26.2,28.7,26.5,33.6,10.9,10.6,9.6,11.7,12.2,12.7,12.5,12.1,7.4,14502,565,2.94,4.9,8.14,2.52,3.54,3.51,5.46,8.43,11.64,7265.31,39959.76,33266.03,1518.83,6485.96,12437.5,8784.14,46445.72,45703.53
IIyear.MS8_TDR0.9_ebik1_eq1.csv,8,0.9,1,1,1413597.06,229477.57,93.8,15.2,65170.1,6.12,6.83,5.46,6.24,4.85,6.7,3.62,111981.1,20251.2,88554.3,6.1,15971.6,341.38,14,0.022657463,1843168,5721344.9,9899.8,96.3,14,15,13.2,12.4,29.4,6,48.4,14502,4482,3935,4163,29.7,528.6,30.8,28.8,29.9,28.3,30.1,28.4,30.6,29.3,29.5,26.8,30.4,11.2,10.5,11,12,12.2,12.3,11.6,11.2,10.8,14502,565,1.93,3.05,8.72,3.3,4.19,9.59,5.23,7.24,18.31,4733.24,25026.05,35886.3,2004.46,7673.4,31450.64,6737.7,32699.45,67336.94
IIyear.MS8_TDR1_ebik0_eq0.csv,8,1,0,0,1594250.8,48823.83,105.8,3.2,48823.8,4.91,7.77,2.31,4.98,4.16,5.37,2.94,120661.2,28931.3,97402.6,6.7,24819.9,385.01,3,0.025553196,2047965,6350615,-588.1,111.5,13.9,15,12.9,12.2,29.6,5.9,48.1,14502,4186,3665,4063,27.8,487.1,37.7,18.8,27.8,27.2,28.6,24.3,29.4,24.9,27.6,24.6,32.5,8.8,8.4,7.5,9.7,10,11.4,10.3,10.1,5.5,14502,565,3.98,6.63,9.76,2.49,3.49,3.14,6.47,10.12,12.9,9774.99,54169.01,39856.78,1518.4,6392.87,11221.71,11293.39,60561.88,51078.48
IIyear.MS8_TDR1_ebik0_eq1.csv,8,1,0,1,1591249.4,51825.23,105.6,3.4,51825.2,5.13,5.72,4.6,5.26,3.91,5.57,3.27,124710.7,32980.8,100825.3,7,28242.6,384.29,3.2,0.025505409,2047965,6370697,-922.8,117,13.9,14.9,13.1,12.3,29.4,5.9,48.4,14502,4363,3807,4163,29,511.9,29.8,28.2,29.2,26.5,29.4,27.2,29.6,28.6,28.9,25.6,29.6,9.3,8.7,8.9,10,9.9,10.7,9.7,9.2,8.9,14502,565,2.26,3.8,11.87,4.31,5.31,13.93,6.57,9.11,25.79,5570.06,31793.39,48491.11,2620.52,9727.35,44599.99,8190.58,41520.74,93091.1
IIyear.MS8_TDR1_ebik1_eq0.csv,8,1,1,0,1574194.92,68879.71,104.5,4.6,68879.7,6.57,9.28,4.1,6.73,5,7.23,3.72,116253.1,24523.2,91923.5,6.3,19340.8,380.17,4.2,0.025231964,2047965,6343869,-475.6,106.9,14,15.1,13,12.3,29.9,6,48.2,14502,4348,3833,4063,28.9,509.8,38.7,19.9,28.9,28.4,29.5,26.1,30.2,26.1,28.7,26.1,33.9,10.7,10.2,9.6,11.4,12.4,13,12.4,11.8,7.2,14502,565,3.16,5.34,8.76,2.88,3.49,3.87,6.03,8.83,12.64,7785.34,43405.28,35900.22,1729.19,6403.68,14030.18,9514.53,49808.96,49930.39
IIyear.MS8_TDR1_ebik1_eq1.csv,8,1,1,1,1573878.11,69196.52,104.5,4.6,69196.5,6.56,7.32,5.87,6.72,4.98,7.15,4.01,116205.4,24475.5,91915.8,6.3,19333.1,380.09,4.2,0.025226654,2047965,6334273,-315.7,104.5,14,14.9,13.1,12.3,29.4,6,48.3,14502,4463,3913,4163,29.6,525.9,30.6,28.7,29.8,27.9,29.9,28.4,30.4,29.3,29.4,25.6,31.1,11.1,10.4,10.8,11.9,11.8,12.4,11.7,10.9,10.8,14502,565,2.09,3.41,9.31,3.68,4.24,10.66,5.78,7.65,19.98,5187.42,28115.1,38278.75,2254.89,7775.18,34656.91,7442.32,35890.28,72935.66
